<?xml version="1.0" encoding="UTF-8"?>
<!DOCTYPE mapper
        PUBLIC "-//mybatis.org//DTD Mapper 3.0//EN"
        "http://mybatis.org/dtd/mybatis-3-mapper.dtd">
<mapper namespace="com.innovative.dao.CarouselDao">

    <!--将图片保存到服务器，将记录保存到数据库-->
    <insert id="insertImg" parameterType="list">
        INSERT INTO "Carousels"
        ("CreatedAt", "Deleted", "IsActive", "UpdatedAt", "Url")
        VALUES
        <foreach collection="list" item="item" separator=",">
            (now(), false, true, now(), #{item})
        </foreach>
    </insert>

    <!--删除图片，实际是将图片状态更新为已删除-->
    <update id="deleteImg" parameterType="int">
        UPDATE "Carousels"
        <set>
            "Deleted" = TRUE, "UpdatedAt" = now()
        </set>
        <where>
            "Id" = #{id} AND "Deleted" = 'f' AND "IsActive" = 't'
        </where>
    </update>

    <!--获取图片列表，根据时间排序，取3张-->
    <select id="getCarouselList" resultType="Carousel">
        SELECT "Id", "Url", "UpdatedAt" FROM "Carousels"
        <where>
            "Deleted" = 'f' AND "IsActive" = 't'
        </where>
        ORDER BY "UpdatedAt" DESC LIMIT 3
    </select>

    <!--根据id判断有无此图片-->
    <select id="getCarouselById" resultType="Carousel">
        SELECT "Id" FROM "Carousels"
        <where>
            "Id" = #{id} AND "Deleted" = 'f' AND "IsActive" = 't'
        </where>
    </select>

</mapper>