<?xml version="1.0" encoding="UTF-8"?>
<!DOCTYPE mapper
        PUBLIC "-//mybatis.org//DTD Mapper 3.0//EN"
        "http://mybatis.org/dtd/mybatis-3-mapper.dtd">
<mapper namespace="com.innovative.dao.EquipmentDao">
	
	<resultMap id="equipmentMap" type="Equipment">
		  <id property="id" column="id" />
		  <result property="contact" column="contact"/>
		  <result property="createdBy" column="createdBy"/>
		  <result property="createdAt" column="createdAt"/>
		  <result property="deleted" column="deleted"/>
		  <result property="deletedAt" column="deletedAt"/>
		  <result property="deletedBy" column="deletedBy"/>
		  <result property="introduction" column="introduction"/>
		  <result property="isActive" column="isActive"/>
		  <result property="manufacturer" column="manufacturer"/>
		  <result property="name" column="name"/>
		  <result property="picture" column="picture"/>
		  <result property="purchasedAt" column="purchasedAt"/>
		  <result property="rank" column="rank"/>
		  <result property="rowVersion" column="rowVersion"/>
		  <result property="sharing" column="sharing"/>
		  <result property="state" column="state"/>
		  <result property="unit" column="unit"/>
		  <result property="updatedAt" column="updatedAt"/>
		  <result property="updatedBy" column="updatedBy"/>
		  <result property="tags" column="tags" typeHandler="com.innovative.mybatisHandler.ArrayTypeHandler"/>
		  <result property="sectors" column="sectors" typeHandler="com.innovative.mybatisHandler.ArrayTypeHandler"/>
		</resultMap> 

    <!--根据id获取设备信息-->
    <select id="getEquipmentById" resultMap="equipmentMap">
		SELECT "Name","Picture","Unit","State","Manufacturer","Introduction","Sharing","Contact","Sectors","Tags","Rank","RowVersion","IsActive","Id","File","Deleted","CreatedAt","UpdatedAt"
		FROM "Equipments"
		WHERE "Id" =  #{id}
	</select>

    <!--根据查询条件获取列表-->
    <select id="getEquipmentListByCondition" resultMap="equipmentMap">
        SELECT "Name","Picture","Unit","State","Manufacturer","Introduction","Sharing","Contact","Sectors","Tags","Rank","RowVersion","IsActive","Id","File","Deleted","CreatedAt","UpdatedAt"
        FROM "Equipments"
       <where>
            <!--  <if test="sectors != null and sectors != ''">
                 "Sectors" @> '${sectors}'
            </if> -->
               "Deleted" = 'f' AND "IsActive" = 't'
        </where>
        limit #{pageSize} offset #{startIndex}
    </select>

    <!--条件查询获取总条数-->
    <select id="getCountByCondition" resultType="int">
        SELECT COUNT("Id") FROM "Equipments"
        <where>
            <!-- <if test="sectors != null and sectors != ''">
                AND "Sectors" @> '${sectors}'
            </if> -->
             "Deleted" = 'f' AND "IsActive" = 't'
        </where>
    </select>

    <!--新增设备-->
    <insert id="insertEquipment" parameterType="Equipment">
        INSERT INTO "Equipments"
        ( "Sharing", "Name", "Unit", "State", "Manufacturer", "PurchasedAt", "Introduction", "Picture", "Contact", "Sectors", "Tags", "Rank", "IsActive", "File", "CreatedBy", "RowVersion", "CreatedAt")
        VALUES
        (#{sharing}, #{name}, #{unit}, #{state}, #{manufacturer}, now(), #{introduction}, #{picture}, #{contact}, 
	        <choose>
				<when test="sectors != null">
					<foreach item="sector" collection="sectors" separator="," open="'{" close="}'," index="">
				      ${sector}
				    </foreach>  
				</when>
				<otherwise>null,</otherwise>
			</choose>
			<choose>
				<when test="tags != null">
					<foreach item="tag" collection="tags" separator="," open="'{" close="}'," index="">  
				      ${tag}
				    </foreach>  
				</when>
			<otherwise>null,</otherwise>
		</choose>
        #{rank}, true, #{file}, '', 0, now())
    </insert>

    <!--修改设备-->
    <update id="updateEquipment" parameterType="Equipment">
        UPDATE "Equipments"
        <set>
            <if test="sharing != null and sharing != ''">
                "Sharing" = #{sharing},
            </if>
            <if test="name != null and name != ''">
                "Name" = #{name},
            </if>
            <if test="unit != null and unit != ''">
                "Unit" = #{unit},
            </if>
            <if test="state != null and state != ''">
                "State" = #{state},
            </if>
            <if test="manufacturer != null and manufacturer != ''">
                "Manufacturer" = #{manufacturer},
            </if>
            <if test="purchasedAt != null and purchasedAt != ''">
                "PurchasedAt" = #{purchasedAt},
            </if>
            <if test="introduction != null and introduction != ''">
                "Introduction" = #{introduction},
            </if>
            <if test="contact != null and contact != ''">
                "Contact" = #{contact},
            </if>
            <if test="sectors != null and sectors != '{}'">
            	"Sectors"=
                <choose>
					<when test="sectors != null">
						<foreach item="sector" collection="sectors" separator="," open="'{" close="}'," index="">  
					      ${sector}
					    </foreach>  
					</when>
					<otherwise>null,</otherwise>
				</choose>
		
            </if>
            <if test="tags != null and tags != '{}'">
            	"Tags" =
                <choose>
						<when test="tags != null">
							<foreach item="tag" collection="tags" separator="," open="'{" close="}'," index="">  
						      ${tag}
						    </foreach>  
						</when>
					<otherwise>null,</otherwise>
				</choose>
            </if>
            <if test="rank != null and rank != ''">
                "Rank" = #{rank},
            </if>
            <if test="isActive != null and isActive != ''">
                "IsActive" = #{isActive},
            </if>
            <!-- <if test="newId != null and newId != ''">
                "Id" = #{newId},
            </if> -->
            "UpdatedAt" = now()
        </set>
        <where>
            "Id" = #{id}
        </where>
    </update>

</mapper>