<?xml version="1.0" encoding="UTF-8"?>
<!DOCTYPE mapper
        PUBLIC "-//mybatis.org//DTD Mapper 3.0//EN"
        "http://mybatis.org/dtd/mybatis-3-mapper.dtd">
<mapper namespace="com.innovative.dao.TechnicalReportDao">

<resultMap id="technicalReportMap" type="TechnicalReport">
	  <id property="id" column="id" />
	  <result property="content" column="content"/>
	  <result property="createdBy" column="createdBy"/>
	  <result property="createdAt" column="createdAt"/>
	  <result property="deleted" column="deleted"/>
	  <result property="deletedAt" column="deletedAt"/>
	  <result property="deletedBy" column="deletedBy"/>
	  <result property="summary" column="summary"/>
	  <result property="isActive" column="isActive"/>
	  <result property="name" column="name"/>
	  <result property="rank" column="rank"/>
	  <result property="updatedAt" column="updatedAt"/>
	  <result property="updatedBy" column="updatedBy"/>
	  <result property="file" column="file"/>
	  <result property="pictures" column="pictures"  typeHandler="com.innovative.mybatisHandler.ArrayTypeHandler"/>
	  <result property="tags" column="tags" typeHandler="com.innovative.mybatisHandler.ArrayTypeHandler"/>
	  <result property="sectors" column="sectors" typeHandler="com.innovative.mybatisHandler.ArrayTypeHandler"/>
	</resultMap> 
    <!--根据id获取技术报告-->
    <select id="getTechnicalReportById" resultMap="technicalReportMap">
		SELECT "Name","Summary","Content","Pictures","Sectors","Tags","Rank","Id","File","CreatedAt","UpdatedAt"
		FROM "TechnicalReports"
		WHERE "Id" =  #{id}
	</select>

    <!--根据查询条件获取列表-->
    <select id="getTechnicalReportListByCondition" resultMap="technicalReportMap">
        SELECT "Name","Summary","Content","Pictures","Sectors","Tags","Rank","Id","File","CreatedAt","UpdatedAt" FROM "TechnicalReports"
        <where>
           <!--  <if test="sectors != null and sectors != ''">
                AND "Sectors" @> '${sectors}'
            </if> -->
             "Deleted" = 'f' AND "IsActive" = 't'
        </where>
        limit #{pageSize} offset #{startIndex}
    </select>

    <!--条件查询获取总条数-->
    <select id="getCountByCondition" resultType="int">
        SELECT COUNT("Id") FROM "TechnicalReports"
        <where>
            <!-- <if test="sectors != null and sectors != ''">
                AND "Sectors" @> '${sectors}'
            </if> -->
             "Deleted" = 'f' AND "IsActive" = 't'
        </where>
    </select>

    <!--新增技术报告-->
    <insert id="insertTechnicalReport" parameterType="TechnicalReport">
        INSERT INTO "TechnicalReports" ( "Name", "Summary", "Content", "Sectors", "Tags", "Rank", "IsActive", "File", "Pictures", "CreatedBy", "RowVersion", "CreatedAt") VALUES ( #{name}, #{summary}, #{content}, 
        <choose>
				<when test="sectors != null">
					<foreach item="sector" collection="sectors" separator="," open="'{" close="}'," index="">  
				      ${sector}
				    </foreach>  
				</when>
				<otherwise>null,</otherwise>
			</choose>
			<choose>
				<when test="tags != null">
					<foreach item="tag" collection="tags" separator="," open="'{" close="}'," index="">  
				      ${tag}
				    </foreach>  
				</when>
				<otherwise>null,</otherwise>
			</choose> 
        #{rank}, true, '${file}', 
        <choose>
			<when test="pictures != null">
				<foreach item="picture" collection="pictures" separator="," open="'{" close="}'," index="">  
			       ${picture}
			    </foreach>  
			</when>
			<otherwise>null,</otherwise>
		</choose>
         '', 0, now())
    </insert>

    <!--修改技术报告-->
    <update id="updateTechnicalReport" parameterType="TechnicalReport">
        UPDATE "TechnicalReports"
        <set>
            <if test="name != null and name != ''">
                "Name" = #{name},
            </if>
            <if test="summary != null and summary != ''">
                "Summary" = #{summary},
            </if>
            <if test="content != null and content != ''">
                "Content" = #{content},
            </if>
            <if test="sectors!=null and sectors!=''">
				"Sectors"=
				<choose>
					<when test="sectors != null">
						<foreach item="sector" collection="sectors" separator="," open="'{" close="}'," index="">  
					      ${sector}
					    </foreach>  
					</when>
					<otherwise>null,</otherwise>
				</choose>
			</if>
			<if test="tags!=null and tags!=''">
				"Tags"=
				<choose>
					<when test="tags != null">
						<foreach item="tag" collection="tags" separator="," open="'{" close="}'," index="">  
					      ${tag}
					    </foreach>  
					</when>
				</choose>
			</if>
            <if test="rank != null and rank != ''">
                "Rank" = #{rank},
            </if>
            <if test="isActive != null and isActive != ''">
                "IsActive" = #{isActive},
            </if>
           <!--  <if test="newId != null and newId != ''">
                "Id" = #{newId},
            </if> -->
            "UpdatedAt" = now()
        </set>
        <where>
            "Id" = #{id}
        </where>
    </update>

</mapper>