<?xml version="1.0" encoding="UTF-8" ?>
<!DOCTYPE configuration
  PUBLIC "-//mybatis.org//DTD Config 3.0//EN"
  "http://mybatis.org/dtd/mybatis-3-config.dtd">
<configuration>

	<settings>
		<!-- 驼峰匹配 -->
		<setting name="mapUnderscoreToCamelCase" value="true" />
	</settings>
	<!-- 待定往后可能有用 -->
	<!-- <typeHandlers>  
   	<typeHandler handler="com.innovative.mybatisHandler.ArrayTypeHandler" javaType="[Ljava.lang.String;"/>  
  </typeHandlers> -->

	<!-- 配置分页插件 -->
	<plugins>
		<plugin interceptor="com.github.pagehelper.PageHelper">
			<!-- 设置数据库类型 Oracle,Mysql,MariaDB,SQLite,Hsqldb,PostgreSQL六种数据库-->
			<property name="dialect" value="PostgreSQL"/>
			<property name="offsetAsPageNum" value="false"/>
			<property name="rowBoundsWithCount" value="false"/>
			<property name="pageSizeZero" value="true"/>
			<property name="reasonable" value="false"/>
			<property name="supportMethodsArguments" value="false"/>
			<property name="returnPageInfo" value="none"/>
		</plugin>
	</plugins>

</configuration>
